LGA_CODE_2006,LGA_NAME_2006,LGA_CODE_2021,LGA_NAME_2021,RATIO_FROM_TO,INDIV_TO_REGION_QLTY_INDICATOR,OVERALL_QUALITY_INDICATOR,BMOS_NULL_FLAG
10050,Albury (C),10050,Albury,0.9981522,Good,Good,0
10050,Albury (C),13340,Greater Hume Shire,0.0018478,Good,Good,1
10110,Armidale Dumaresq (A),10180,Armidale Regional,1,Good,Good,0
10150,Ashfield (A),11300,Burwood,0.000711,Good,Good,1
10150,Ashfield (A),14170,Inner West,0.999289,Good,Good,0
10200,Auburn (A),11570,Canterbury-Bankstown,0.0002251,Good,Good,1
10200,Auburn (A),12380,Cumberland,0.8614639,Acceptable,Good,0
10200,Auburn (A),16260,Parramatta,0.1383067,Poor,Good,0
10200,Auburn (A),11520,Canada Bay,4.20E-06,Good,Good,1
10250,Ballina (A),10250,Ballina,0.9994432,Good,Good,0
10250,Ballina (A),11350,Byron,0.0005568,Good,Good,1
10300,Balranald (A),10300,Balranald,0.9991511,Good,Good,0
10300,Balranald (A),15520,Murray River,0.0008489,Good,Good,1
10350,Bankstown (C),11570,Canterbury-Bankstown,0.9999441,Good,Good,0
10350,Bankstown (C),,,1.00E-07,Poor,Good,5
10350,Bankstown (C),17100,Strathfield,5.58E-05,Good,Good,1
10470,Bathurst Regional (A),10470,Bathurst Regional,1,Good,Good,0
10500,Baulkham Hills (A),10750,Blacktown,0.0002871,Good,Good,1
10500,Baulkham Hills (A),16260,Parramatta,0.169595,Poor,Good,0
10500,Baulkham Hills (A),17420,The Hills Shire,0.8301179,Acceptable,Good,0
10550,Bega Valley (A),,,0.0047353,Poor,Good,5
10550,Bega Valley (A),10550,Bega Valley,0.9948351,Good,Good,0
10550,Bega Valley (A),12750,Eurobodalla,0.0001483,Good,Good,1
10550,Bega Valley (A),17040,Snowy Monaro Regional,0.0002813,Good,Good,1
10600,Bellingen (A),10600,Bellingen,1,Good,Good,0
10650,Berrigan (A),10650,Berrigan,1,Good,Good,0
10750,Blacktown (C),10750,Blacktown,0.99956,Good,Good,0
10750,Blacktown (C),12380,Cumberland,0.0003514,Acceptable,Good,1
10750,Blacktown (C),16350,Penrith,4.00E-07,Good,Good,1
10750,Blacktown (C),17420,The Hills Shire,8.82E-05,Acceptable,Good,1
10800,Bland (A),10800,Bland,1,Good,Good,0
10850,Blayney (A),10850,Blayney,1,Good,Good,0
10900,Blue Mountains (C),10900,Blue Mountains,1,Good,Good,0
10950,Bogan (A),10950,Bogan,1,Good,Good,0
11000,Bombala (A),17040,Snowy Monaro Regional,1,Good,Good,0
11050,Boorowa (A),13910,Hilltops,1,Good,Good,0
11100,Botany Bay (C),10500,Bayside (NSW),0.9999997,Good,Good,0
11100,Botany Bay (C),,,3.00E-07,Poor,Good,5
11150,Bourke (A),11150,Bourke,1,Good,Good,0
11200,Brewarrina (A),11200,Brewarrina,1,Good,Good,0
11250,Broken Hill (C),11250,Broken Hill,1,Good,Good,0
11300,Burwood (A),11300,Burwood,0.9979779,Good,Good,0
11300,Burwood (A),11520,Canada Bay,0.0020221,Good,Good,1
11350,Byron (A),14850,Lismore,0.0012409,Good,Good,1
11350,Byron (A),17550,Tweed,0.0002054,Good,Good,1
11350,Byron (A),10250,Ballina,0.0004494,Good,Good,1
11350,Byron (A),11350,Byron,0.9981043,Good,Good,0
11400,Cabonne (A),11400,Cabonne,0.9990719,Good,Good,0
11400,Cabonne (A),12390,Dubbo Regional,0.0005957,Good,Good,1
11400,Cabonne (A),16150,Orange,0.0003324,Good,Good,1
11450,Camden (A),11450,Camden,0.9992759,Good,Good,0
11450,Camden (A),11500,Campbelltown (NSW),0.0002576,Good,Good,1
11450,Camden (A),18400,Wollondilly,0.0004665,Good,Good,1
11500,Campbelltown (C),11500,Campbelltown (NSW),0.9993337,Good,Good,0
11500,Campbelltown (C),11450,Camden,0.0006215,Good,Good,1
11500,Campbelltown (C),18400,Wollondilly,4.48E-05,Good,Good,1
11520,Canada Bay (A),11520,Canada Bay,1,Good,Good,0
11550,Canterbury (C),10500,Bayside (NSW),0.000627,Good,Good,1
11550,Canterbury (C),11570,Canterbury-Bankstown,0.9980962,Good,Good,0
11550,Canterbury (C),12930,Georges River,0.0012768,Good,Good,1
11600,Carrathool (A),11600,Carrathool,1,Good,Good,0
11700,Central Darling (A),11700,Central Darling,1,Good,Good,0
11720,Cessnock (C),11720,Cessnock,1,Good,Good,0
11730,Clarence Valley (A),,,5.56E-05,Poor,Good,5
11730,Clarence Valley (A),11730,Clarence Valley,0.9999444,Good,Good,0
11750,Cobar (A),11750,Cobar,0.9792582,Good,Good,0
11750,Cobar (A),14600,Lachlan,0.0207418,Good,Good,0
11800,Coffs Harbour (C),,,0.0003224,Poor,Good,5
11800,Coffs Harbour (C),11800,Coffs Harbour,0.9996776,Good,Good,0
11860,Conargo (A),12730,Edward River,1,Good,Good,0
12000,Coolamon (A),12000,Coolamon,1,Good,Good,0
12050,Cooma-Monaro (A),17040,Snowy Monaro Regional,0.996799,Good,Good,0
12050,Cooma-Monaro (A),16490,Queanbeyan-Palerang Regional,0.003201,Good,Good,1
12150,Coonamble (A),12150,Coonamble,1,Good,Good,0
12200,Cootamundra (A),12160,Cootamundra-Gundagai Regional,1,Good,Good,0
12300,Corowa Shire (A),12870,Federation,0.9994273,Good,Good,0
12300,Corowa Shire (A),13340,Greater Hume Shire,0.0005727,Good,Good,1
12350,Cowra (A),12350,Cowra,1,Good,Good,0
12500,Deniliquin (A),12730,Edward River,1,Good,Good,0
12600,Dubbo (C),12390,Dubbo Regional,0.9997191,Good,Good,0
12600,Dubbo (C),12950,Gilgandra,0.0002809,Good,Good,1
12700,Dungog (A),12700,Dungog,1,Good,Good,0
12750,Eurobodalla (A),12750,Eurobodalla,0.9998275,Good,Good,0
12750,Eurobodalla (A),,,0.0001725,Poor,Good,5
12850,Fairfield (C),12380,Cumberland,0.0015018,Acceptable,Good,1
12850,Fairfield (C),12850,Fairfield,0.9980741,Good,Good,0
12850,Fairfield (C),14900,Liverpool,0.0004242,Good,Good,1
12900,Forbes (A),18100,Weddin,0.0004766,Good,Good,1
12900,Forbes (A),12900,Forbes,0.9995234,Good,Good,0
12950,Gilgandra (A),12950,Gilgandra,1,Good,Good,0
13010,Glen Innes Severn (A),13010,Glen Innes Severn,1,Good,Good,0
13050,Gloucester (A),15240,Mid-Coast,1,Good,Good,0
13100,Gosford (C),,,0.0001458,Poor,Good,5
13100,Gosford (C),11650,Central Coast (NSW),0.9998542,Good,Good,0
13310,Goulburn Mulwaree (A),16490,Queanbeyan-Palerang Regional,0.0017037,Good,Good,1
13310,Goulburn Mulwaree (A),13310,Goulburn Mulwaree,0.9953646,Good,Good,0
13310,Goulburn Mulwaree (A),17640,Upper Lachlan Shire,0.0029317,Good,Good,1
13350,Greater Taree (C),15240,Mid-Coast,1,Good,Good,0
13370,Greater Hume Shire (A),12870,Federation,0.0005562,Good,Good,1
13370,Greater Hume Shire (A),13340,Greater Hume Shire,0.9994438,Good,Good,0
13400,Great Lakes (A),15240,Mid-Coast,1,Good,Good,0
13450,Griffith (C),11600,Carrathool,0.000438,Good,Good,1
13450,Griffith (C),13450,Griffith,0.999562,Good,Good,0
13500,Gundagai (A),12160,Cootamundra-Gundagai Regional,1,Good,Good,0
13550,Gunnedah (A),14920,Liverpool Plains,0.0003022,Good,Good,1
13550,Gunnedah (A),13550,Gunnedah,0.9996978,Good,Good,0
13650,Guyra (A),10180,Armidale Regional,0.7497483,Good,Good,0
13650,Guyra (A),14220,Inverell,0.2502517,Good,Good,0
13660,Gwydir (A),17310,Tamworth Regional,0.0070337,Good,Good,1
13660,Gwydir (A),13660,Gwydir,0.9929663,Good,Good,0
13700,Harden (A),13910,Hilltops,1,Good,Good,0
13750,Hastings (A),16380,Port Macquarie-Hastings,0.9998891,Good,Good,0
13750,Hastings (A),15240,Mid-Coast,0.0001109,Good,Good,1
13800,Hawkesbury (C),13800,Hawkesbury,0.9998413,Good,Good,0
13800,Hawkesbury (C),16350,Penrith,0.0001587,Good,Good,1
13850,Hay (A),13850,Hay,1,Good,Good,0
13950,Holroyd (C),12380,Cumberland,0.9631587,Acceptable,Good,0
13950,Holroyd (C),16260,Parramatta,0.0365589,Poor,Good,0
13950,Holroyd (C),12850,Fairfield,0.0002824,Good,Good,1
14000,Hornsby (A),16260,Parramatta,0.120652,Poor,Good,0
14000,Hornsby (A),16700,Ryde,0.0003204,Good,Good,1
14000,Hornsby (A),,,1.00E-07,Poor,Good,5
14000,Hornsby (A),14000,Hornsby,0.8790275,Acceptable,Good,0
14100,Hunter's Hill (A),14100,Hunters Hill,1,Good,Good,0
14150,Hurstville (C),12930,Georges River,0.9999995,Good,Good,0
14150,Hurstville (C),,,5.00E-07,Poor,Good,5
14200,Inverell (A),14220,Inverell,1,Good,Good,0
14250,Jerilderie (A),15560,Murrumbidgee,1,Good,Good,0
14300,Junee (A),14300,Junee,1,Good,Good,0
14350,Kempsey (A),14350,Kempsey,1,Good,Good,0
14400,Kiama (A),14400,Kiama,1,Good,Good,0
14450,Kogarah (A),12930,Georges River,0.9988181,Good,Good,0
14450,Kogarah (A),,,0.0011819,Poor,Good,5
14500,Ku-ring-gai (A),14500,Ku-ring-gai,1,Good,Good,0
14550,Kyogle (A),14550,Kyogle,0.9986764,Good,Good,0
14550,Kyogle (A),14850,Lismore,0.0013236,Good,Good,1
14600,Lachlan (A),14600,Lachlan,1,Good,Good,0
14650,Lake Macquarie (C),14650,Lake Macquarie,0.9998959,Good,Good,0
14650,Lake Macquarie (C),15900,Newcastle,0.000104,Good,Good,1
14650,Lake Macquarie (C),,,1.00E-07,Poor,Good,5
14700,Lane Cove (A),14700,Lane Cove,0.9990364,Good,Good,0
14700,Lane Cove (A),15950,North Sydney,0.0009636,Good,Good,1
14750,Leeton (A),14750,Leeton,1,Good,Good,0
14800,Leichhardt (A),14170,Inner West,1,Good,Good,0
14850,Lismore (C),10250,Ballina,0.0003272,Good,Good,1
14850,Lismore (C),14850,Lismore,0.9996728,Good,Good,0
14870,Lithgow (C),14870,Lithgow,0.9996345,Good,Good,0
14870,Lithgow (C),15270,Mid-Western Regional,0.0003655,Good,Good,1
14900,Liverpool (C),14900,Liverpool,0.9999777,Good,Good,0
14900,Liverpool (C),11500,Campbelltown (NSW),2.23E-05,Good,Good,1
14920,Liverpool Plains (A),14920,Liverpool Plains,1,Good,Good,0
14950,Lockhart (A),14950,Lockhart,1,Good,Good,0
15050,Maitland (C),15050,Maitland,1,Good,Good,0
15150,Manly (A),15990,Northern Beaches,1,Good,Good,0
15200,Marrickville (A),14170,Inner West,0.9985814,Good,Good,0
15200,Marrickville (A),11570,Canterbury-Bankstown,0.0005752,Good,Good,1
15200,Marrickville (A),10500,Bayside (NSW),0.0008434,Good,Good,1
15270,Mid-Western Regional (A),17620,Upper Hunter Shire,0.000351,Good,Good,1
15270,Mid-Western Regional (A),15270,Mid-Western Regional,0.9993971,Good,Good,0
15270,Mid-Western Regional (A),14870,Lithgow,0.0002519,Good,Good,1
15300,Moree Plains (A),15300,Moree Plains,0.9997519,Good,Good,0
15300,Moree Plains (A),13660,Gwydir,0.0002481,Good,Good,1
15350,Mosman (A),15350,Mosman,1,Good,Good,0
15500,Murray (A),15520,Murray River,1,Good,Good,0
15550,Murrumbidgee (A),15560,Murrumbidgee,1,Good,Good,0
15650,Muswellbrook (A),17620,Upper Hunter Shire,0.0007707,Good,Good,1
15650,Muswellbrook (A),15650,Muswellbrook,0.9992293,Good,Good,0
15700,Nambucca (A),15700,Nambucca Valley,1,Good,Good,0
15750,Narrabri (A),15750,Narrabri,0.9997034,Good,Good,0
15750,Narrabri (A),18020,Warrumbungle Shire,0.0002966,Good,Good,1
15800,Narrandera (A),15800,Narrandera,1,Good,Good,0
15850,Narromine (A),15850,Narromine,1,Good,Good,0
15900,Newcastle (C),14650,Lake Macquarie,0.000224,Good,Good,1
15900,Newcastle (C),,,0.0009611,Poor,Good,5
15900,Newcastle (C),15900,Newcastle,0.9988149,Good,Good,0
15950,North Sydney (A),,,0.0023487,Poor,Good,5
15950,North Sydney (A),15950,North Sydney,0.9976513,Good,Good,0
16100,Oberon (A),10470,Bathurst Regional,0.0015862,Good,Good,1
16100,Oberon (A),16100,Oberon,0.9984138,Good,Good,0
16150,Orange (C),10850,Blayney,0.0003214,Good,Good,1
16150,Orange (C),16150,Orange,0.9996786,Good,Good,0
16180,Palerang (A),12750,Eurobodalla,0.0002488,Good,Good,1
16180,Palerang (A),13310,Goulburn Mulwaree,0.0018148,Good,Good,1
16180,Palerang (A),16490,Queanbeyan-Palerang Regional,0.9949286,Good,Good,0
16180,Palerang (A),17040,Snowy Monaro Regional,0.0023877,Good,Good,1
16180,Palerang (A),17640,Upper Lachlan Shire,0.0006201,Good,Good,1
16200,Parkes (A),16200,Parkes,1,Good,Good,0
16250,Parramatta (C),12380,Cumberland,0.2122999,Acceptable,Good,0
16250,Parramatta (C),16260,Parramatta,0.7873369,Poor,Good,0
16250,Parramatta (C),17420,The Hills Shire,0.0003632,Acceptable,Good,1
16350,Penrith (C),10750,Blacktown,0.0011306,Good,Good,1
16350,Penrith (C),16350,Penrith,0.9988694,Good,Good,0
16370,Pittwater (A),,,2.00E-07,Poor,Good,5
16370,Pittwater (A),15990,Northern Beaches,0.9999998,Good,Good,0
16400,Port Stephens (A),,,3.00E-07,Poor,Good,5
16400,Port Stephens (A),16400,Port Stephens,0.9999997,Good,Good,0
16470,Queanbeyan (C),16490,Queanbeyan-Palerang Regional,1,Good,Good,0
16550,Randwick (C),16550,Randwick,1,Good,Good,0
16610,Richmond Valley (A),16610,Richmond Valley,1,Good,Good,0
16650,Rockdale (C),,,1.00E-07,Poor,Good,5
16650,Rockdale (C),10500,Bayside (NSW),0.9994892,Good,Good,0
16650,Rockdale (C),12930,Georges River,0.0005107,Good,Good,1
16700,Ryde (C),,,2.00E-07,Poor,Good,5
16700,Ryde (C),16700,Ryde,0.9999998,Good,Good,0
16900,Shellharbour (C),,,2.00E-07,Poor,Good,5
16900,Shellharbour (C),16900,Shellharbour,0.9999998,Good,Good,0
16950,Shoalhaven (C),16950,Shoalhaven,0.999886,Good,Good,0
16950,Shoalhaven (C),12750,Eurobodalla,0.000114,Good,Good,1
17000,Singleton (A),17000,Singleton,1,Good,Good,0
17050,Snowy River (A),17040,Snowy Monaro Regional,1,Good,Good,0
17100,Strathfield (A),11570,Canterbury-Bankstown,0.000854,Good,Good,1
17100,Strathfield (A),17100,Strathfield,0.9977959,Good,Good,0
17100,Strathfield (A),16260,Parramatta,0.0008367,Poor,Good,1
17100,Strathfield (A),12380,Cumberland,0.0005133,Acceptable,Good,1
17150,Sutherland Shire (A),17150,Sutherland Shire,0.9999997,Good,Good,0
17150,Sutherland Shire (A),,,3.00E-07,Poor,Good,5
17200,Sydney (C),19399,Unincorporated NSW,0.0006798,Acceptable,Good,1
17200,Sydney (C),17200,Sydney,0.9993201,Good,Good,0
17200,Sydney (C),,,1.00E-07,Poor,Good,5
17310,Tamworth Regional (A),17310,Tamworth Regional,1,Good,Good,0
17350,Temora (A),17350,Temora,1,Good,Good,0
17400,Tenterfield (A),17400,Tenterfield,1,Good,Good,0
17450,Tumbarumba (A),13340,Greater Hume Shire,0.0022669,Good,Good,1
17450,Tumbarumba (A),17080,Snowy Valleys,0.9977331,Good,Good,0
17500,Tumut Shire (A),17080,Snowy Valleys,1,Good,Good,0
17550,Tweed (A),,,4.00E-07,Poor,Good,5
17550,Tweed (A),17550,Tweed,0.9999996,Good,Good,0
17620,Upper Hunter Shire (A),17620,Upper Hunter Shire,0.9994402,Good,Good,0
17620,Upper Hunter Shire (A),15650,Muswellbrook,0.0005598,Good,Good,1
17640,Upper Lachlan (A),18710,Yass Valley,0.0021547,Good,Good,1
17640,Upper Lachlan (A),17640,Upper Lachlan Shire,0.9925174,Good,Good,0
17640,Upper Lachlan (A),13310,Goulburn Mulwaree,0.0053279,Good,Good,1
17650,Uralla (A),17650,Uralla,1,Good,Good,0
17700,Urana (A),15560,Murrumbidgee,0.0021185,Good,Good,1
17700,Urana (A),14950,Lockhart,0.002051,Good,Good,1
17700,Urana (A),12870,Federation,0.9958305,Good,Good,0
17750,Wagga Wagga (C),17750,Wagga Wagga,1,Good,Good,0
17800,Wakool (A),15520,Murray River,1,Good,Good,0
17850,Walcha (A),17850,Walcha,1,Good,Good,0
17900,Walgett (A),17900,Walgett,1,Good,Good,0
17950,Warren (A),17950,Warren,1,Good,Good,0
18000,Warringah (A),15990,Northern Beaches,0.9999998,Good,Good,0
18000,Warringah (A),,,2.00E-07,Poor,Good,5
18020,Warrumbungle Shire (A),17620,Upper Hunter Shire,0.0003833,Good,Good,1
18020,Warrumbungle Shire (A),18020,Warrumbungle Shire,0.9996167,Good,Good,0
18050,Waverley (A),18050,Waverley,1,Good,Good,0
18100,Weddin (A),13910,Hilltops,0.0011989,Good,Good,1
18100,Weddin (A),18100,Weddin,0.9988011,Good,Good,0
18150,Wellington (A),12390,Dubbo Regional,1,Good,Good,0
18200,Wentworth (A),10300,Balranald,0.0019613,Good,Good,1
18200,Wentworth (A),18200,Wentworth,0.9980387,Good,Good,0
18250,Willoughby (C),15950,North Sydney,0.0013881,Good,Good,1
18250,Willoughby (C),18250,Willoughby,0.9981358,Good,Good,0
18250,Willoughby (C),,,0.0004761,Poor,Good,5
18350,Wingecarribee (A),18350,Wingecarribee,1,Good,Good,0
18400,Wollondilly (A),18400,Wollondilly,1,Good,Good,0
18450,Wollongong (C),18450,Wollongong,0.9999999,Good,Good,0
18450,Wollongong (C),,,1.00E-07,Poor,Good,5
18500,Woollahra (A),18500,Woollahra,0.9994022,Good,Good,0
18500,Woollahra (A),19399,Unincorporated NSW,0.0005978,Acceptable,Good,1
18550,Wyong (A),11650,Central Coast (NSW),0.9997388,Good,Good,0
18550,Wyong (A),,,0.0002612,Poor,Good,5
18710,Yass Valley (A),17640,Upper Lachlan Shire,0.0007093,Good,Good,1
18710,Yass Valley (A),18710,Yass Valley,0.9992907,Good,Good,0
18750,Young (A),13910,Hilltops,1,Good,Good,0
19399,Unincorporated NSW,11700,Central Darling,0.0010746,Good,Good,1
19399,Unincorporated NSW,19399,Unincorporated NSW,0.9989254,Acceptable,Good,0
19499,No usual address (NSW),19499,No usual address (NSW),1,Good,Good,0
19799,Migratory - Offshore - Shipping (NSW),19799,Migratory - Offshore - Shipping (NSW),1,Good,Good,0
20110,Alpine (S),20110,Alpine,1,Good,Good,0
20260,Ararat (RC),25810,Northern Grampians,0.0003812,Good,Good,1
20260,Ararat (RC),20260,Ararat,0.9996188,Good,Good,0
20570,Ballarat (C),20570,Ballarat,0.9997575,Good,Good,0
20570,Ballarat (C),22490,Golden Plains,0.0002425,Good,Good,1
20660,Banyule (C),20660,Banyule,1,Good,Good,0
20740,Bass Coast (S),20740,Bass Coast,0.9996243,Good,Good,0
20740,Bass Coast (S),26170,South Gippsland,0.0003757,Good,Good,1
20830,Baw Baw (S),20830,Baw Baw,0.9998294,Good,Good,0
20830,Baw Baw (S),23810,Latrobe (Vic.),0.0001706,Good,Good,1
20910,Bayside (C),20910,Bayside (Vic.),0.9996146,Good,Good,0
20910,Bayside (C),,,0.0003854,Poor,Good,5
21010,Benalla (RC),21010,Benalla,1,Good,Good,0
21110,Boroondara (C),21110,Boroondara,1,Good,Good,0
21180,Brimbank (C),21180,Brimbank,1,Good,Good,0
21270,Buloke (S),21270,Buloke,0.9976194,Good,Good,0
21270,Buloke (S),22250,Gannawarra,0.0003393,Good,Good,1
21270,Buloke (S),25810,Northern Grampians,0.0004874,Good,Good,1
21270,Buloke (S),27630,Yarriambiack,0.0015539,Good,Good,1
21370,Campaspe (S),21370,Campaspe,1,Good,Good,0
21450,Cardinia (S),21450,Cardinia,0.9998685,Good,Good,0
21450,Cardinia (S),21610,Casey,0.0001315,Good,Good,1
21610,Casey (C),21610,Casey,0.9999513,Good,Good,0
21610,Casey (C),21450,Cardinia,4.86E-05,Good,Good,1
21670,Central Goldfields (S),21670,Central Goldfields,0.9994133,Good,Good,0
21670,Central Goldfields (S),22910,Hepburn,0.0005867,Good,Good,1
21750,Colac-Otway (S),21750,Colac Otway,1,Good,Good,0
21830,Corangamite (S),21830,Corangamite,1,Good,Good,0
21890,Darebin (C),21890,Darebin,1,Good,Good,0
22110,East Gippsland (S),29399,Unincorporated Vic,9.21E-05,Good,Good,1
22110,East Gippsland (S),22110,East Gippsland,0.9999079,Good,Good,0
22170,Frankston (C),22170,Frankston,1,Good,Good,0
22250,Gannawarra (S),22250,Gannawarra,1,Good,Good,0
22310,Glen Eira (C),22310,Glen Eira,1,Good,Good,0
22410,Glenelg (S),22410,Glenelg,1,Good,Good,0
22490,Golden Plains (S),22490,Golden Plains,0.9994547,Good,Good,0
22490,Golden Plains (S),22750,Greater Geelong,0.0005453,Good,Good,1
22620,Greater Bendigo (C),23940,Loddon,0.0003763,Good,Good,1
22620,Greater Bendigo (C),22620,Greater Bendigo,0.9994272,Good,Good,0
22620,Greater Bendigo (C),21370,Campaspe,0.0001965,Good,Good,1
22670,Greater Dandenong (C),23670,Knox,0.0003702,Good,Good,1
22670,Greater Dandenong (C),22670,Greater Dandenong,0.9996298,Good,Good,0
22750,Greater Geelong (C),22750,Greater Geelong,1,Good,Good,0
22830,Greater Shepparton (C),22830,Greater Shepparton,0.9995722,Good,Good,0
22830,Greater Shepparton (C),21370,Campaspe,0.0004278,Good,Good,1
22910,Hepburn (S),22910,Hepburn,0.9989692,Good,Good,0
22910,Hepburn (S),20570,Ballarat,0.0010308,Good,Good,1
22980,Hindmarsh (S),22980,Hindmarsh,0.9983727,Good,Good,0
22980,Hindmarsh (S),23190,Horsham,0.000807,Good,Good,1
22980,Hindmarsh (S),26890,West Wimmera,0.0008202,Good,Good,1
23110,Hobsons Bay (C),23110,Hobsons Bay,0.9995533,Good,Good,0
23110,Hobsons Bay (C),27260,Wyndham,0.0004467,Good,Good,1
23190,Horsham (RC),23190,Horsham,1,Good,Good,0
23270,Hume (C),23270,Hume,1,Good,Good,0
23350,Indigo (S),26700,Wangaratta,0.0014887,Good,Good,1
23350,Indigo (S),23350,Indigo,0.9985113,Good,Good,0
23430,Kingston (C),23430,Kingston (Vic.),1,Good,Good,0
23670,Knox (C),23670,Knox,1,Good,Good,0
23810,Latrobe (C),23810,Latrobe (Vic.),0.9998985,Good,Good,0
23810,Latrobe (C),20830,Baw Baw,0.0001015,Good,Good,1
23940,Loddon (S),23940,Loddon,1,Good,Good,0
24130,Macedon Ranges (S),24130,Macedon Ranges,1,Good,Good,0
24210,Manningham (C),21110,Boroondara,0.005086,Good,Good,1
24210,Manningham (C),26980,Whitehorse,0.000376,Good,Good,1
24210,Manningham (C),24210,Manningham,0.9945381,Good,Good,0
24250,Mansfield (S),24250,Mansfield,1,Good,Good,0
24330,Maribyrnong (C),24330,Maribyrnong,1,Good,Good,0
24410,Maroondah (C),24410,Maroondah,1,Good,Good,0
24600,Melbourne (C),24600,Melbourne,1,Good,Good,0
24650,Melton (S),24650,Melton,1,Good,Good,0
24780,Mildura (RC),24780,Mildura,1,Good,Good,0
24850,Mitchell (S),24850,Mitchell,1,Good,Good,0
24900,Moira (S),24900,Moira,1,Good,Good,0
24970,Monash (C),23670,Knox,0.0003469,Good,Good,1
24970,Monash (C),24970,Monash,0.9996531,Good,Good,0
25060,Moonee Valley (C),24600,Melbourne,0.0434286,Good,Good,0
25060,Moonee Valley (C),25060,Moonee Valley,0.9565714,Good,Good,0
25150,Moorabool (S),25150,Moorabool,1,Good,Good,0
25250,Moreland (C),25250,Moreland,0.9995473,Good,Good,0
25250,Moreland (C),24600,Melbourne,0.0002539,Good,Good,1
25250,Moreland (C),25060,Moonee Valley,0.0001989,Good,Good,1
25340,Mornington Peninsula (S),,,4.54E-05,Poor,Good,5
25340,Mornington Peninsula (S),29399,Unincorporated Vic,0.0001115,Good,Good,1
25340,Mornington Peninsula (S),25340,Mornington Peninsula,0.9998431,Good,Good,0
25430,Mount Alexander (S),25430,Mount Alexander,1,Good,Good,0
25490,Moyne (S),25490,Moyne,1,Good,Good,0
25620,Murrindindi (S),29399,Unincorporated Vic,7.00E-07,Good,Good,1
25620,Murrindindi (S),25620,Murrindindi,0.9993335,Good,Good,0
25620,Murrindindi (S),24850,Mitchell,0.0006658,Good,Good,1
25710,Nillumbik (S),25710,Nillumbik,0.9997563,Good,Good,0
25710,Nillumbik (S),27450,Yarra Ranges,0.0002437,Good,Good,1
25810,Northern Grampians (S),23190,Horsham,8.55E-05,Good,Good,1
25810,Northern Grampians (S),25810,Northern Grampians,0.9999145,Good,Good,0
25900,Port Phillip (C),24600,Melbourne,3.40E-06,Good,Good,1
25900,Port Phillip (C),25900,Port Phillip,0.9999966,Good,Good,0
25990,Pyrenees (S),25990,Pyrenees,1,Good,Good,0
26080,Queenscliffe (B),,,0.0038767,Poor,Good,5
26080,Queenscliffe (B),26080,Queenscliffe,0.9961233,Good,Good,0
26170,South Gippsland (S),26170,South Gippsland,0.9991922,Good,Good,0
26170,South Gippsland (S),26810,Wellington,0.0003341,Good,Good,1
26170,South Gippsland (S),20740,Bass Coast,0.0004738,Good,Good,1
26260,Southern Grampians (S),25810,Northern Grampians,0.0004532,Good,Good,1
26260,Southern Grampians (S),26260,Southern Grampians,0.9995468,Good,Good,0
26350,Stonnington (C),26350,Stonnington,0.9995672,Good,Good,0
26350,Stonnington (C),27350,Yarra,0.0004328,Good,Good,1
26430,Strathbogie (S),26430,Strathbogie,1,Good,Good,0
26490,Surf Coast (S),26490,Surf Coast,1,Good,Good,0
26610,Swan Hill (RC),22250,Gannawarra,0.0006963,Good,Good,1
26610,Swan Hill (RC),26610,Swan Hill,0.9993037,Good,Good,0
26670,Towong (S),26670,Towong,1,Good,Good,0
26700,Wangaratta (RC),26700,Wangaratta,1,Good,Good,0
26730,Warrnambool (C),26730,Warrnambool,1,Good,Good,0
26810,Wellington (S),22110,East Gippsland,0.0001502,Good,Good,1
26810,Wellington (S),23810,Latrobe (Vic.),0.0002705,Good,Good,1
26810,Wellington (S),26810,Wellington,0.9995793,Good,Good,0
26890,West Wimmera (S),23190,Horsham,0.0005265,Good,Good,1
26890,West Wimmera (S),26890,West Wimmera,0.9983889,Good,Good,0
26890,West Wimmera (S),26260,Southern Grampians,0.0010846,Good,Good,1
26980,Whitehorse (C),26980,Whitehorse,1,Good,Good,0
27070,Whittlesea (C),27070,Whittlesea,1,Good,Good,0
27170,Wodonga (RC),27170,Wodonga,1,Good,Good,0
27260,Wyndham (C),27260,Wyndham,1,Good,Good,0
27350,Yarra (C),27350,Yarra,1,Good,Good,0
27450,Yarra Ranges (S),27450,Yarra Ranges,0.9999126,Good,Good,0
27450,Yarra Ranges (S),21450,Cardinia,8.74E-05,Good,Good,1
27630,Yarriambiack (S),27630,Yarriambiack,0.9993607,Good,Good,0
27630,Yarriambiack (S),22980,Hindmarsh,0.0006393,Good,Good,1
29399,Unincorporated Vic,29399,Unincorporated Vic,1,Good,Good,0
29499,No usual address (Vic.),29499,No usual address (Vic.),1,Good,Good,0
29799,Migratory - Offshore - Shipping (Vic.),29799,Migratory - Offshore - Shipping (Vic.),1,Good,Good,0
30150,Aramac (S),32310,Charters Towers,0.0033061,Good,Good,1
30150,Aramac (S),34710,Longreach,0.0016532,Good,Good,1
30150,Aramac (S),30410,Barcaldine,0.9950407,Good,Good,0
30200,Atherton (S),34880,Mareeba,0.0007016,Good,Good,1
30200,Atherton (S),36820,Tablelands,0.9992984,Good,Good,0
30250,Aurukun (S),30250,Aurukun,1,Good,Good,0
30270,Badu (IC),36960,Torres Strait Island,1,Good,Good,0
30300,Balonne (S),30300,Balonne,1,Good,Good,0
30330,Bamaga (IC),35780,Northern Peninsula Area,1,Good,Good,0
30350,Banana (S),30370,Banana,1,Good,Good,0
30400,Barcaldine (S),30760,Blackall Tambo,0.0034158,Good,Good,1
30400,Barcaldine (S),30410,Barcaldine,0.9965842,Good,Good,0
30450,Barcoo (S),30450,Barcoo,1,Good,Good,0
30500,Bauhinia (S),32270,Central Highlands (Qld),1,Good,Good,0
30550,Beaudesert (S),36510,Scenic Rim,0.3676004,Poor,Good,0
30550,Beaudesert (S),34590,Logan,0.6323996,Acceptable,Good,0
30600,Belyando (S),32270,Central Highlands (Qld),0.0006096,Good,Good,1
30600,Belyando (S),33980,Isaac,0.9993904,Good,Good,0
30650,Bendemere (S),34860,Maranoa,1,Good,Good,0
30700,Biggenden (S),35760,North Burnett,1,Good,Good,0
30750,Blackall (S),30760,Blackall Tambo,1,Good,Good,0
30770,Boigu (IC),36960,Torres Strait Island,1,Good,Good,0
30800,Boonah (S),36510,Scenic Rim,1,Poor,Good,0
30850,Booringa (S),34860,Maranoa,1,Good,Good,0
30900,Boulia (S),30900,Boulia,1,Good,Good,0
30950,Bowen (S),37340,Whitsunday,0.9999604,Good,Good,0
30950,Bowen (S),32310,Charters Towers,3.96E-05,Good,Good,1
31000,Brisbane (C),31000,Brisbane,0.9995052,Good,Good,0
31000,Brisbane (C),35010,Moreton Bay,0.0003805,Good,Good,1
31000,Brisbane (C),33960,Ipswich,3.44E-05,Good,Good,1
31000,Brisbane (C),36250,Redland,1.59E-05,Good,Good,1
31000,Brisbane (C),34590,Logan,6.37E-05,Acceptable,Good,1
31000,Brisbane (C),,,3.00E-07,Poor,Good,5
31700,Broadsound (S),32270,Central Highlands (Qld),0.0004497,Good,Good,1
31700,Broadsound (S),33980,Isaac,0.9995503,Good,Good,0
31750,Bulloo (S),31750,Bulloo,0.9969055,Good,Good,0
31750,Bulloo (S),35800,Paroo,0.0030945,Good,Good,1
31810,Bundaberg (C),31820,Bundaberg,1,Good,Good,0
31850,Bungil (S),34860,Maranoa,1,Good,Good,0
31900,Burdekin (S),31900,Burdekin,1,Good,Good,0
31950,Burke (S),31950,Burke,1,Good,Good,0
31980,Burnett (S),31820,Bundaberg,0.9998697,Good,Good,0
31980,Burnett (S),33360,Gladstone,0.0001303,Good,Good,1
32000,Caboolture (S),35010,Moreton Bay,0.9998893,Good,Good,0
32000,Caboolture (S),36720,Sunshine Coast,1.31E-05,Good,Good,1
32000,Caboolture (S),36580,Somerset,9.76E-05,Good,Good,1
32060,Cairns (C),32080,Cairns,0.9996521,Good,Good,0
32060,Cairns (C),,,0.0003192,Poor,Good,5
32060,Cairns (C),32260,Cassowary Coast,2.87E-05,Good,Good,1
32100,Calliope (S),33360,Gladstone,0.9998851,Good,Good,0
32100,Calliope (S),,,0.0001149,Poor,Good,5
32130,Caloundra (C),36720,Sunshine Coast,0.9998603,Good,Good,0
32130,Caloundra (C),,,0.0001397,Poor,Good,5
32150,Cambooya (S),36910,Toowoomba,1,Good,Good,0
32200,Cardwell (S),32260,Cassowary Coast,1,Good,Good,0
32250,Carpentaria (S),32250,Carpentaria,1,Good,Good,0
32300,Charters Towers (C),32310,Charters Towers,1,Good,Good,0
32330,Cherbourg (S),32330,Cherbourg,1,Good,Good,0
32350,Chinchilla (S),37310,Western Downs,1,Good,Good,0
32400,Clifton (S),36910,Toowoomba,1,Good,Good,0
32450,Cloncurry (S),32450,Cloncurry,0.9992176,Good,Good,0
32450,Cloncurry (S),34800,McKinlay,0.0007824,Good,Good,1
32500,Cook (S),33830,Hope Vale,0.0008381,Good,Good,1
32500,Cook (S),34570,Lockhart River,0.0004979,Good,Good,1
32500,Cook (S),35670,Napranum,0.0002283,Good,Good,1
32500,Cook (S),37570,Wujal Wujal,0.0008442,Good,Good,1
32500,Cook (S),,,0.0032109,Poor,Good,5
32500,Cook (S),32500,Cook,0.9943807,Good,Good,0
32530,Cooloola (S),33620,Gympie,0.9995418,Good,Good,0
32530,Cooloola (S),35740,Noosa,0.0002478,Good,Good,1
32530,Cooloola (S),36580,Somerset,0.0002104,Good,Good,1
32550,Crow's Nest (S),36910,Toowoomba,1,Good,Good,0
32600,Croydon (S),32600,Croydon,1,Good,Good,0
32650,Dalby (T),37310,Western Downs,1,Good,Good,0
32700,Dalrymple (S),32310,Charters Towers,0.9961907,Good,Good,0
32700,Dalrymple (S),37340,Whitsunday,0.0038093,Good,Good,1
32740,Dauan (IC),36960,Torres Strait Island,1,Good,Good,0
32750,Diamantina (S),32750,Diamantina,1,Good,Good,0
32770,Doomadgee (S),31950,Burke,0.00056,Good,Good,1
32770,Doomadgee (S),32770,Doomadgee,0.99944,Good,Good,0
32800,Douglas (S),34880,Mareeba,0.0006095,Good,Good,1
32800,Douglas (S),32810,Douglas,0.9993905,Good,Good,0
32850,Duaringa (S),32270,Central Highlands (Qld),1,Good,Good,0
32900,Eacham (S),36820,Tablelands,0.9984215,Good,Good,0
32900,Eacham (S),32080,Cairns,0.0015785,Good,Good,1
32950,Eidsvold (S),35760,North Burnett,1,Good,Good,0
33000,Emerald (S),32270,Central Highlands (Qld),1,Good,Good,0
33030,Erub (IC),36960,Torres Strait Island,0.9347826,Good,Good,0
33030,Erub (IC),,,0.0652174,Poor,Good,3
33050,Esk (S),36580,Somerset,1,Good,Good,0
33100,Etheridge (S),33100,Etheridge,0.9980092,Good,Good,0
33100,Etheridge (S),32600,Croydon,0.0019908,Good,Good,1
33150,Fitzroy (S),34530,Livingstone,0.0015021,Good,Good,1
33150,Fitzroy (S),36370,Rockhampton,0.9984979,Good,Good,0
33200,Flinders (S),32310,Charters Towers,0.0014087,Good,Good,1
33200,Flinders (S),33200,Flinders (Qld),0.9985913,Good,Good,0
33250,Gatton (S),34580,Lockyer Valley,0.9992824,Good,Good,0
33250,Gatton (S),36910,Toowoomba,0.0007176,Good,Good,1
33300,Gayndah (S),35760,North Burnett,1,Good,Good,0
33350,Gladstone (C),33360,Gladstone,1,Good,Good,0
33460,Gold Coast (C),,,9.50E-06,Poor,Good,5
33460,Gold Coast (C),34590,Logan,0.0808536,Acceptable,Good,0
33460,Gold Coast (C),33430,Gold Coast,0.9191369,Good,Good,0
33600,Goondiwindi (T),33610,Goondiwindi,1,Good,Good,0
33650,Hammond (IC),,,0.0697674,Poor,Good,3
33650,Hammond (IC),36960,Torres Strait Island,0.9302326,Good,Good,0
33700,Herberton (S),36820,Tablelands,0.9996042,Good,Good,0
33700,Herberton (S),34880,Mareeba,0.0003958,Good,Good,1
33750,Hervey Bay (C),33220,Fraser Coast,1,Good,Good,0
33800,Hinchinbrook (S),33800,Hinchinbrook,1,Good,Good,0
33830,Hope Vale (S),33830,Hope Vale,1,Good,Good,0
33840,Iama (IC),36960,Torres Strait Island,1,Good,Good,0
33850,Ilfracombe (S),34710,Longreach,1,Good,Good,0
33900,Inglewood (S),33610,Goondiwindi,1,Good,Good,0
33930,Injinoo (S),35780,Northern Peninsula Area,1,Good,Good,0
33960,Ipswich (C),31000,Brisbane,0.0003081,Good,Good,1
33960,Ipswich (C),33960,Ipswich,0.9908532,Good,Good,0
33960,Ipswich (C),36510,Scenic Rim,0.0088387,Poor,Good,1
34000,Isis (S),31820,Bundaberg,0.9995718,Good,Good,0
34000,Isis (S),33220,Fraser Coast,0.0004282,Good,Good,1
34050,Isisford (S),34710,Longreach,1,Good,Good,0
34100,Jericho (S),32270,Central Highlands (Qld),0.003964,Good,Good,1
34100,Jericho (S),30410,Barcaldine,0.996036,Good,Good,0
34150,Johnstone (S),32080,Cairns,0.0008661,Good,Good,1
34150,Johnstone (S),32260,Cassowary Coast,0.9991339,Good,Good,0
34200,Jondaryan (S),36910,Toowoomba,1,Good,Good,0
34250,Kilcoy (S),36580,Somerset,0.9980671,Good,Good,0
34250,Kilcoy (S),33620,Gympie,0.0006443,Good,Good,1
34250,Kilcoy (S),36720,Sunshine Coast,0.0012886,Good,Good,1
34300,Kilkivan (S),33620,Gympie,1,Good,Good,0
34350,Kingaroy (S),36630,South Burnett,1,Good,Good,0
34400,Kolan (S),31820,Bundaberg,1,Good,Good,0
34420,Kowanyama (S),34420,Kowanyama,0.9999996,Good,Good,0
34420,Kowanyama (S),32500,Cook,2.00E-07,Good,Good,1
34420,Kowanyama (S),32250,Carpentaria,2.00E-07,Good,Good,1
34430,Kubin (IC),36960,Torres Strait Island,1,Good,Good,0
34450,Laidley (S),34580,Lockyer Valley,1,Good,Good,0
34550,Livingstone (S),34530,Livingstone,1,Good,Good,0
34570,Lockhart River (S),34570,Lockhart River,0.9997813,Good,Good,0
34570,Lockhart River (S),,,0.0002187,Poor,Good,5
34600,Logan (C),34590,Logan,1,Acceptable,Good,0
34700,Longreach (S),34710,Longreach,1,Good,Good,0
34740,Mabuiag (IC),36960,Torres Strait Island,0.9393939,Good,Good,0
34740,Mabuiag (IC),,,0.0606061,Poor,Good,3
34760,Mackay (C),,,1.00E-07,Poor,Good,5
34760,Mackay (C),34770,Mackay,0.9999999,Good,Good,0
34800,McKinlay (S),34800,McKinlay,1,Good,Good,0
34830,Mapoon (S),34830,Mapoon,0.9774234,Good,Good,0
34830,Mapoon (S),32500,Cook,0.0225766,Good,Good,0
34850,Mareeba (S),34880,Mareeba,1,Good,Good,0
34900,Maroochy (S),36720,Sunshine Coast,0.9971109,Good,Good,0
34900,Maroochy (S),35740,Noosa,0.0028891,Good,Good,1
34950,Maryborough (C),33220,Fraser Coast,1,Good,Good,0
34970,Mer (IC),36960,Torres Strait Island,0.8333333,Good,Good,0
34970,Mer (IC),,,0.1666667,Poor,Good,3
35000,Millmerran (S),36910,Toowoomba,1,Good,Good,0
35050,Mirani (S),34770,Mackay,1,Good,Good,0
35100,Miriam Vale (S),33360,Gladstone,0.9975007,Good,Good,0
35100,Miriam Vale (S),31820,Bundaberg,0.0024993,Good,Good,1
35150,Monto (S),35760,North Burnett,1,Good,Good,0
35250,Mornington (S),35250,Mornington,1,Good,Good,0
35300,Mount Isa (C),35300,Mount Isa,1,Good,Good,0
35350,Mount Morgan (S),36370,Rockhampton,1,Good,Good,0
35450,Mundubbera (S),35760,North Burnett,1,Good,Good,0
35500,Murgon (S),36630,South Burnett,1,Good,Good,0
35550,Murilla (S),37310,Western Downs,1,Good,Good,0
35600,Murweh (S),35600,Murweh,1,Good,Good,0
35650,Nanango (S),36630,South Burnett,1,Good,Good,0
35670,Napranum (S),35670,Napranum,0.977294,Good,Good,0
35670,Napranum (S),32500,Cook,0.022706,Good,Good,0
35700,Nebo (S),33980,Isaac,1,Good,Good,0
35730,New Mapoon (S),35780,Northern Peninsula Area,1,Good,Good,0
35750,Noosa (S),35740,Noosa,1,Good,Good,0
35770,Palm Island (S),35790,Palm Island,1,Good,Good,0
35800,Paroo (S),35800,Paroo,1,Good,Good,0
35850,Peak Downs (S),32270,Central Highlands (Qld),1,Good,Good,0
35900,Perry (S),35760,North Burnett,1,Good,Good,0
35950,Pine Rivers (S),31000,Brisbane,0.0024926,Good,Good,1
35950,Pine Rivers (S),35010,Moreton Bay,0.997413,Good,Good,0
35950,Pine Rivers (S),36580,Somerset,9.44E-05,Good,Good,1
36050,Pittsworth (S),36910,Toowoomba,1,Good,Good,0
36070,Pormpuraaw (S),36070,Pormpuraaw,0.999999,Good,Good,0
36070,Pormpuraaw (S),30250,Aurukun,1.00E-06,Good,Good,1
36100,Poruma (IC),,,0.2222222,Poor,Good,3
36100,Poruma (IC),36960,Torres Strait Island,0.7777778,Good,Good,0
36150,Quilpie (S),30450,Barcoo,0.0012617,Good,Good,1
36150,Quilpie (S),30760,Blackall Tambo,0.0007807,Good,Good,1
36150,Quilpie (S),36150,Quilpie,0.9979576,Good,Good,0
36200,Redcliffe (C),35010,Moreton Bay,0.9999998,Good,Good,0
36200,Redcliffe (C),,,2.00E-07,Poor,Good,5
36250,Redland (S),31000,Brisbane,0.0001423,Good,Good,1
36250,Redland (S),36250,Redland,0.9998577,Good,Good,0
36300,Richmond (S),36300,Richmond,1,Good,Good,0
36350,Rockhampton (C),36370,Rockhampton,1,Good,Good,0
36400,Roma (T),34860,Maranoa,1,Good,Good,0
36450,Rosalie (S),36910,Toowoomba,1,Good,Good,0
36470,Saibai (IC),36960,Torres Strait Island,1,Good,Good,0
36480,St Pauls (IC),36960,Torres Strait Island,1,Good,Good,0
36550,Sarina (S),33980,Isaac,0.0002742,Good,Good,1
36550,Sarina (S),34770,Mackay,0.9997258,Good,Good,0
36570,Seisia (IC),35780,Northern Peninsula Area,0.8695652,Good,Good,0
36570,Seisia (IC),,,0.1304348,Poor,Good,3
36600,Stanthorpe (S),36660,Southern Downs,1,Good,Good,0
36650,Tambo (S),30760,Blackall Tambo,0.9944984,Good,Good,0
36650,Tambo (S),30410,Barcaldine,0.0055016,Good,Good,1
36700,Tara (S),37310,Western Downs,1,Good,Good,0
36750,Taroom (S),37310,Western Downs,0.4709977,Good,Good,0
36750,Taroom (S),30370,Banana,0.5242664,Good,Good,0
36750,Taroom (S),34860,Maranoa,0.0047358,Good,Good,1
36800,Thuringowa (C),37010,Townsville,0.9999243,Good,Good,0
36800,Thuringowa (C),32310,Charters Towers,7.57E-05,Good,Good,1
36850,Tiaro (S),33220,Fraser Coast,0.5808677,Good,Good,0
36850,Tiaro (S),33620,Gympie,0.4191323,Good,Good,0
36900,Toowoomba (C),36910,Toowoomba,1,Good,Good,0
36950,Torres (S),36950,Torres,0.9999996,Good,Good,0
36950,Torres (S),,,4.00E-07,Poor,Good,5
37000,Townsville (C),37010,Townsville,1,Good,Good,0
37090,Ugar (IC),36960,Torres Strait Island,0.625,Good,Good,0
37090,Ugar (IC),,,0.375,Poor,Good,3
37110,Umagico (S),35780,Northern Peninsula Area,0.9411765,Good,Good,0
37110,Umagico (S),36950,Torres,0.0588235,Good,Good,0
37120,Waggamba (S),33610,Goondiwindi,1,Good,Good,0
37150,Wambo (S),37310,Western Downs,1,Good,Good,0
37170,Warraber (IC),36960,Torres Strait Island,0.7142857,Good,Good,0
37170,Warraber (IC),,,0.2857143,Poor,Good,3
37200,Warroo (S),34860,Maranoa,1,Good,Good,0
37260,Warwick (S),36910,Toowoomba,0.0001799,Good,Good,1
37260,Warwick (S),36660,Southern Downs,0.9994603,Good,Good,0
37260,Warwick (S),34580,Lockyer Valley,0.0003598,Good,Good,1
37300,Weipa (T),37300,Weipa,0.9617415,Good,Good,0
37300,Weipa (T),,,0.0382585,Poor,Good,3
37330,Whitsunday (S),37340,Whitsunday,0.9942962,Good,Good,0
37330,Whitsunday (S),,,0.0057038,Poor,Good,5
37400,Winton (S),30410,Barcaldine,0.0009241,Good,Good,1
37400,Winton (S),32750,Diamantina,0.0006725,Good,Good,1
37400,Winton (S),37400,Winton,0.9984033,Good,Good,0
37450,Wondai (S),36630,South Burnett,1,Good,Good,0
37500,Woocoo (S),33220,Fraser Coast,0.9994425,Good,Good,0
37500,Woocoo (S),35760,North Burnett,0.0005575,Good,Good,1
37550,Woorabinda (S),37550,Woorabinda,1,Good,Good,0
37570,Wujal Wujal (S),37570,Wujal Wujal,1,Good,Good,0
37600,Yarrabah (S),37600,Yarrabah,1,Good,Good,0
37650,Yorke (IC),,,0.0227273,Poor,Good,3
37650,Yorke (IC),36960,Torres Strait Island,0.9772727,Good,Good,0
39399,Unincorporated Qld,35250,Mornington,1,Good,Good,0
39499,No usual address (Qld),39499,No usual address (Qld),1,Good,Good,0
39799,Migratory - Offshore - Shipping (Qld),39799,Migratory - Offshore - Shipping (Qld),1,Good,Good,0
40070,Adelaide (C),40070,Adelaide,1,Good,Good,0
40120,Adelaide Hills (DC),40120,Adelaide Hills,0.9997942,Good,Good,0
40120,Adelaide Hills (DC),40310,Barossa,0.0002058,Good,Good,1
40220,Alexandrina (DC),40220,Alexandrina,1,Good,Good,0
40250,Anangu Pitjantjatjara (AC),40250,Anangu Pitjantjatjara Yunkunytjatjara,1,Good,Good,0
40310,Barossa (DC),40120,Adelaide Hills,0.0003506,Good,Good,1
40310,Barossa (DC),40310,Barossa,0.9996494,Good,Good,0
40430,Barunga West (DC),40430,Barunga West,1,Good,Good,0
40520,Berri and Barmera (DC),40520,Berri Barmera,0.9933427,Good,Good,0
40520,Berri and Barmera (DC),49399,Unincorporated SA,0.0066573,Good,Good,1
40700,Burnside (C),40700,Burnside,1,Good,Good,0
40910,Campbelltown (C),40910,Campbelltown (SA),1,Good,Good,0
41010,Ceduna (DC),41010,Ceduna,1,Good,Good,0
41060,Charles Sturt (C),41060,Charles Sturt,1,Good,Good,0
41140,Clare and Gilbert Valleys (DC),41140,Clare and Gilbert Valleys,1,Good,Good,0
41190,Cleve (DC),41190,Cleve,1,Good,Good,0
41330,Coober Pedy (DC),41330,Coober Pedy,1,Good,Good,0
41560,Copper Coast (DC),41560,Copper Coast,1,Good,Good,0
41750,Elliston (DC),41750,Elliston,1,Good,Good,0
41830,Flinders Ranges (DC),49399,Unincorporated SA,0.0017949,Good,Good,1
41830,Flinders Ranges (DC),41830,Flinders Ranges,0.9982051,Good,Good,0
41960,Franklin Harbour (DC),41190,Cleve,0.0469064,Good,Good,0
41960,Franklin Harbour (DC),41960,Franklin Harbour,0.9530936,Good,Good,0
42030,Gawler (T),42030,Gawler,1,Good,Good,0
42110,Goyder (DC),42110,Goyder,1,Good,Good,0
42250,Grant (DC),42250,Grant,0.968716,Good,Good,0
42250,Grant (DC),44620,Mount Gambier,0.0306155,Good,Good,0
42250,Grant (DC),,,0.0006685,Poor,Good,5
42600,Holdfast Bay (C),42600,Holdfast Bay,1,Good,Good,0
42750,Kangaroo Island (DC),42750,Kangaroo Island,1,Good,Good,0
43080,Karoonda East Murray (DC),43080,Karoonda East Murray,1,Good,Good,0
43220,Kimba (DC),43220,Kimba,1,Good,Good,0
43360,Kingston (DC),43360,Kingston (SA),1,Good,Good,0
43570,Le Hunte (DC),48640,Wudinna,0.9618945,Good,Good,0
43570,Le Hunte (DC),43220,Kimba,0.0311773,Good,Good,0
43570,Le Hunte (DC),49399,Unincorporated SA,0.0069283,Good,Good,1
43650,Light (RegC),43650,Light,1,Good,Good,0
43710,Lower Eyre Peninsula (DC),43710,Lower Eyre Peninsula,1,Good,Good,0
43790,Loxton Waikerie (DC),43790,Loxton Waikerie,0.9921341,Good,Good,0
43790,Loxton Waikerie (DC),49399,Unincorporated SA,0.0078659,Good,Good,1
43920,Mallala (DC),40150,Adelaide Plains,1,Good,Good,0
44000,Maralinga Tjarutja (AC),44000,Maralinga Tjarutja,1,Good,Good,0
44060,Marion (C),44060,Marion,1,Good,Good,0
44210,Mid Murray (DC),44210,Mid Murray,1,Good,Good,0
44340,Mitcham (C),44340,Mitcham,1,Good,Good,0
44550,Mount Barker (DC),44550,Mount Barker,1,Good,Good,0
44620,Mount Gambier (C),44620,Mount Gambier,1,Good,Good,0
44830,Mount Remarkable (DC),44830,Mount Remarkable,1,Good,Good,0
45040,Murray Bridge (RC),45040,Murray Bridge,1,Good,Good,0
45090,Naracoorte and Lucindale (DC),45090,Naracoorte Lucindale,1,Good,Good,0
45120,Northern Areas (DC),45120,Northern Areas,1,Good,Good,0
45290,Norwood Payneham St Peters (C),45290,Norwood Payneham and St Peters,1,Good,Good,0
45340,Onkaparinga (C),48750,Yankalilla,5.68E-05,Good,Good,1
45340,Onkaparinga (C),45340,Onkaparinga,0.9999432,Good,Good,0
45400,Orroroo/Carrieton (DC),45400,Orroroo Carrieton,1,Good,Good,0
45540,Peterborough (DC),45540,Peterborough,1,Good,Good,0
45680,Playford (C),45680,Playford,1,Good,Good,0
45890,Port Adelaide Enfield (C),45890,Port Adelaide Enfield,1,Good,Good,0
46090,Port Augusta (C),,,4.00E-07,Poor,Good,5
46090,Port Augusta (C),46090,Port Augusta,0.9999996,Good,Good,0
46300,Port Lincoln (C),46300,Port Lincoln,1,Good,Good,0
46450,Port Pirie City and Dists (M),46450,Port Pirie,0.9999994,Good,Good,0
46450,Port Pirie City and Dists (M),,,6.00E-07,Poor,Good,5
46510,Prospect (C),46510,Prospect,1,Good,Good,0
46670,Renmark Paringa (DC),46670,Renmark Paringa,0.9997533,Good,Good,0
46670,Renmark Paringa (DC),43790,Loxton Waikerie,0.0002467,Good,Good,1
46860,Robe (DC),46860,Robe,1,Good,Good,0
46970,Roxby Downs (M),49399,Unincorporated SA,0.0012007,Good,Good,1
46970,Roxby Downs (M),46970,Roxby Downs,0.9987993,Good,Good,0
47140,Salisbury (C),47140,Salisbury,1,Good,Good,0
47290,Southern Mallee (DC),47290,Southern Mallee,1,Good,Good,0
47490,Streaky Bay (DC),47490,Streaky Bay,0.995661,Good,Good,0
47490,Streaky Bay (DC),49399,Unincorporated SA,0.004339,Good,Good,1
47630,Tatiara (DC),47630,Tatiara,1,Good,Good,0
47700,Tea Tree Gully (C),47700,Tea Tree Gully,1,Good,Good,0
47800,The Coorong (DC),47800,Coorong,0.9967197,Good,Good,0
47800,The Coorong (DC),49399,Unincorporated SA,0.0032803,Good,Good,1
47910,Tumby Bay (DC),47910,Tumby Bay,1,Good,Good,0
47980,Unley (C),47980,Unley,1,Good,Good,0
48050,Victor Harbor (C),48050,Victor Harbor,1,Good,Good,0
48130,Wakefield (DC),48130,Wakefield,1,Good,Good,0
48260,Walkerville (M),45290,Norwood Payneham and St Peters,0.0031,Good,Good,1
48260,Walkerville (M),48260,Walkerville,0.9969,Good,Good,0
48340,Wattle Range (DC),42250,Grant,0.0010001,Good,Good,1
48340,Wattle Range (DC),48340,Wattle Range,0.9954407,Good,Good,0
48340,Wattle Range (DC),,,0.0035593,Poor,Good,5
48410,West Torrens (C),48410,West Torrens,1,Good,Good,0
48540,Whyalla (C),48540,Whyalla,0.9995009,Good,Good,0
48540,Whyalla (C),49399,Unincorporated SA,0.0004991,Good,Good,1
48750,Yankalilla (DC),48750,Yankalilla,1,Good,Good,0
48830,Yorke Peninsula (DC),48830,Yorke Peninsula,1,Good,Good,0
49399,Unincorporated SA,43220,Kimba,0.0011962,Good,Good,1
49399,Unincorporated SA,48540,Whyalla,5.60E-06,Good,Good,1
49399,Unincorporated SA,,,4.00E-07,Poor,Good,5
49399,Unincorporated SA,44000,Maralinga Tjarutja,0.0006892,Good,Good,1
49399,Unincorporated SA,49399,Unincorporated SA,0.9981087,Good,Good,0
49499,No usual address (SA),49499,No usual address (SA),1,Good,Good,0
49799,Migratory - Offshore - Shipping (SA),49799,Migratory - Offshore - Shipping (SA),1,Good,Good,0
50080,Albany (C),50080,Albany,0.9998328,Good,Good,0
50080,Albany (C),54130,Jerramungup,0.0001672,Good,Good,1
50210,Armadale (C),50210,Armadale,0.999814,Good,Good,0
50210,Armadale (C),53780,Gosnells,0.000186,Good,Good,1
50250,Ashburton (S),,,0.0007327,Poor,Good,5
50250,Ashburton (S),54310,Karratha,0.0012212,Good,Good,1
50250,Ashburton (S),50250,Ashburton,0.9980461,Good,Good,0
50280,Augusta-Margaret River (S),,,0.001476,Poor,Good,5
50280,Augusta-Margaret River (S),56300,Nannup,0.0038198,Good,Good,1
50280,Augusta-Margaret River (S),50280,Augusta Margaret River,0.9947042,Good,Good,0
50350,Bassendean (T),50350,Bassendean,0.9999993,Good,Good,0
50350,Bassendean (T),,,7.00E-07,Poor,Good,5
50420,Bayswater (C),50420,Bayswater,0.9990758,Good,Good,0
50420,Bayswater (C),57910,Stirling,0.000924,Good,Good,1
50420,Bayswater (C),,,2.00E-07,Poor,Good,5
50490,Belmont (C),50490,Belmont,1,Good,Good,0
50560,Beverley (S),50560,Beverley,1,Good,Good,0
50630,Boddington (S),50630,Boddington,1,Good,Good,0
50770,Boyup Brook (S),50770,Boyup Brook,1,Good,Good,0
50840,Bridgetown-Greenbushes (S),50840,Bridgetown-Greenbushes,0.9986558,Good,Good,0
50840,Bridgetown-Greenbushes (S),55180,Manjimup,0.0013442,Good,Good,1
50910,Brookton (S),50910,Brookton,1,Good,Good,0
50980,Broome (S),50980,Broome,0.9994267,Good,Good,0
50980,Broome (S),52800,Derby-West Kimberley,0.0005733,Good,Good,1
51050,Broomehill (S),51080,Broomehill-Tambellup,1,Good,Good,0
51120,Bruce Rock (S),51120,Bruce Rock,1,Good,Good,0
51190,Bunbury (C),51190,Bunbury,1,Good,Good,0
51260,Busselton (S),51260,Busselton,1,Good,Good,0
51310,Cambridge (T),51310,Cambridge,0.9993476,Good,Good,0
51310,Cambridge (T),57980,Subiaco,0.0006524,Acceptable,Good,1
51330,Canning (C),51330,Canning,0.9995084,Good,Good,0
51330,Canning (C),,,0.0004916,Poor,Good,5
51400,Capel (S),51400,Capel,1,Good,Good,0
51470,Carnamah (S),51470,Carnamah,1,Good,Good,0
51540,Carnarvon (S),51540,Carnarvon,1,Good,Good,0
51610,Chapman Valley (S),51610,Chapman Valley,0.9892283,Good,Good,0
51610,Chapman Valley (S),53800,Greater Geraldton,0.0107717,Good,Good,0
51680,Chittering (S),51680,Chittering,1,Good,Good,0
51750,Claremont (T),51750,Claremont,1,Good,Good,0
51820,Cockburn (C),51820,Cockburn,1,Good,Good,0
51890,Collie (S),51890,Collie,1,Good,Good,0
51960,Coolgardie (S),51960,Coolgardie,0.9984083,Good,Good,0
51960,Coolgardie (S),54280,Kalgoorlie-Boulder,0.0015917,Good,Good,1
52030,Coorow (S),52030,Coorow,0.9887437,Good,Good,0
52030,Coorow (S),51470,Carnamah,0.0112563,Good,Good,0
52100,Corrigin (S),52100,Corrigin,1,Good,Good,0
52170,Cottesloe (T),52170,Cottesloe,1,Good,Good,0
52240,Cranbrook (S),52240,Cranbrook,1,Good,Good,0
52310,Cuballing (S),52310,Cuballing,1,Good,Good,0
52380,Cue (S),52380,Cue,0.9971165,Good,Good,0
52380,Cue (S),57630,Sandstone,0.0028835,Good,Good,1
52450,Cunderdin (S),52450,Cunderdin,1,Good,Good,0
52520,Dalwallinu (S),52520,Dalwallinu,1,Good,Good,0
52590,Dandaragan (S),52590,Dandaragan,1,Good,Good,0
52660,Dardanup (S),52660,Dardanup,1,Good,Good,0
52730,Denmark (S),52730,Denmark,1,Good,Good,0
52800,Derby-West Kimberley (S),50980,Broome,0.0011252,Good,Good,1
52800,Derby-West Kimberley (S),52800,Derby-West Kimberley,0.992783,Good,Good,0
52800,Derby-West Kimberley (S),53920,Halls Creek,0.0003837,Good,Good,1
52800,Derby-West Kimberley (S),,,0.005708,Poor,Good,5
52870,Donnybrook-Balingup (S),52870,Donnybrook-Balingup,1,Good,Good,0
52940,Dowerin (S),52940,Dowerin,1,Good,Good,0
53010,Dumbleyung (S),59100,Wickepin,0.0039705,Good,Good,1
53010,Dumbleyung (S),53010,Dumbleyung,0.9960295,Good,Good,0
53080,Dundas (S),53080,Dundas,0.9986543,Good,Good,0
53080,Dundas (S),53290,Esperance,0.0013457,Good,Good,1
53150,East Fremantle (T),53150,East Fremantle,1,Good,Good,0
53220,East Pilbara (S),53220,East Pilbara,0.9999511,Good,Good,0
53220,East Pilbara (S),55250,Meekatharra,4.89E-05,Good,Good,1
53290,Esperance (S),,,0.004813,Poor,Good,5
53290,Esperance (S),53290,Esperance,0.995187,Good,Good,0
53360,Exmouth (S),53360,Exmouth,1,Good,Good,0
53430,Fremantle (C),53430,Fremantle,1,Good,Good,0
53500,Geraldton (C),53800,Greater Geraldton,1,Good,Good,0
53570,Gingin (S),53570,Gingin,1,Good,Good,0
53640,Gnowangerup (S),53640,Gnowangerup,1,Good,Good,0
53710,Goomalling (S),53710,Goomalling,1,Good,Good,0
53780,Gosnells (C),53780,Gosnells,1,Good,Good,0
53850,Greenough (S),53800,Greater Geraldton,1,Good,Good,0
53920,Halls Creek (S),52800,Derby-West Kimberley,0.0497993,Good,Good,0
53920,Halls Creek (S),53920,Halls Creek,0.9493702,Good,Good,0
53920,Halls Creek (S),59340,Wyndham-East Kimberley,0.0008305,Good,Good,1
53990,Harvey (S),53990,Harvey,0.9999066,Good,Good,0
53990,Harvey (S),51890,Collie,9.34E-05,Good,Good,1
54060,Irwin (S),54060,Irwin,1,Good,Good,0
54130,Jerramungup (S),54130,Jerramungup,1,Good,Good,0
54170,Joondalup (C),54170,Joondalup,1,Good,Good,0
54200,Kalamunda (S),54200,Kalamunda,1,Good,Good,0
54280,Kalgoorlie/Boulder (C),54280,Kalgoorlie-Boulder,0.9999177,Good,Good,0
54280,Kalgoorlie/Boulder (C),53080,Dundas,8.23E-05,Good,Good,1
54340,Katanning (S),54340,Katanning,1,Good,Good,0
54410,Kellerberrin (S),54410,Kellerberrin,1,Good,Good,0
54480,Kent (S),54480,Kent,1,Good,Good,0
54550,Kojonup (S),54550,Kojonup,1,Good,Good,0
54620,Kondinin (S),54620,Kondinin,1,Good,Good,0
54690,Koorda (S),54690,Koorda,1,Good,Good,0
54760,Kulin (S),54900,Lake Grace,0.0026852,Good,Good,1
54760,Kulin (S),54760,Kulin,0.9973148,Good,Good,0
54830,Kwinana (T),54830,Kwinana,1,Good,Good,0
54900,Lake Grace (S),57420,Ravensthorpe,0.0013746,Good,Good,1
54900,Lake Grace (S),54900,Lake Grace,0.9986254,Good,Good,0
54970,Laverton (S),56620,Ngaanyatjarraku,0.0002602,Good,Good,1
54970,Laverton (S),54970,Laverton,0.9996097,Good,Good,0
54970,Laverton (S),59250,Wiluna,0.0001301,Good,Good,1
55040,Leonora (S),55390,Menzies,0.003572,Good,Good,1
55040,Leonora (S),55040,Leonora,0.996428,Good,Good,0
55110,Mandurah (C),56230,Murray,0.0013788,Good,Good,1
55110,Mandurah (C),55110,Mandurah,0.998621,Good,Good,0
55110,Mandurah (C),,,2.00E-07,Poor,Good,5
55180,Manjimup (S),55180,Manjimup,1,Good,Good,0
55250,Meekatharra (S),52380,Cue,0.0013061,Good,Good,1
55250,Meekatharra (S),55250,Meekatharra,0.9986939,Good,Good,0
55320,Melville (C),51330,Canning,0.0028791,Good,Good,1
55320,Melville (C),55320,Melville,0.9971208,Good,Good,0
55320,Melville (C),,,1.00E-07,Poor,Good,5
55390,Menzies (S),55390,Menzies,1,Good,Good,0
55460,Merredin (S),55460,Merredin,1,Good,Good,0
55530,Mingenew (S),53800,Greater Geraldton,0.00608,Good,Good,1
55530,Mingenew (S),55530,Mingenew,0.99392,Good,Good,0
55600,Moora (S),55600,Moora,1,Good,Good,0
55670,Morawa (S),55670,Morawa,1,Good,Good,0
55740,Mosman Park (T),55740,Mosman Park,1,Good,Good,0
55810,Mount Magnet (S),57630,Sandstone,0.0015477,Good,Good,1
55810,Mount Magnet (S),55810,Mount Magnet,0.9984523,Good,Good,0
55880,Mount Marshall (S),55880,Mount Marshall,1,Good,Good,0
55950,Mukinbudin (S),55950,Mukinbudin,1,Good,Good,0
56020,Mullewa (S),51610,Chapman Valley,0.0031206,Good,Good,1
56020,Mullewa (S),56160,Murchison,0.0156031,Acceptable,Good,0
56020,Mullewa (S),53800,Greater Geraldton,0.9812763,Good,Good,0
56090,Mundaring (S),56090,Mundaring,1,Good,Good,0
56160,Murchison (S),59350,Yalgoo,0.0047183,Good,Good,1
56160,Murchison (S),56160,Murchison,0.9952817,Acceptable,Good,0
56230,Murray (S),56230,Murray,0.9999992,Good,Good,0
56230,Murray (S),,,8.00E-07,Poor,Good,5
56300,Nannup (S),56300,Nannup,0.9881701,Good,Good,0
56300,Nannup (S),50280,Augusta Margaret River,0.0118299,Good,Good,0
56370,Narembeen (S),56370,Narembeen,1,Good,Good,0
56440,Narrogin (T),56460,Narrogin,1,Good,Good,0
56510,Narrogin (S),56460,Narrogin,1,Good,Good,0
56580,Nedlands (C),57080,Perth,0.0027285,Acceptable,Good,1
56580,Nedlands (C),56580,Nedlands,0.9972715,Good,Good,0
56620,Ngaanyatjarraku (S),56620,Ngaanyatjarraku,0.998061,Good,Good,0
56620,Ngaanyatjarraku (S),54970,Laverton,0.001939,Good,Good,1
56650,Northam (T),56730,Northam,1,Good,Good,0
56720,Northam (S),56730,Northam,1,Good,Good,0
56790,Northampton (S),,,0.0006917,Poor,Good,5
56790,Northampton (S),56790,Northampton,0.9993083,Good,Good,0
56860,Nungarin (S),56860,Nungarin,1,Good,Good,0
56930,Peppermint Grove (S),56930,Peppermint Grove,0.9999937,Good,Good,0
56930,Peppermint Grove (S),,,6.30E-06,Poor,Good,5
57000,Perenjori (S),57000,Perenjori,1,Good,Good,0
57080,Perth (C),58570,Vincent,0.0130627,Good,Good,0
57080,Perth (C),57080,Perth,0.9869373,Acceptable,Good,0
57140,Pingelly (S),57140,Pingelly,1,Good,Good,0
57210,Plantagenet (S),57210,Plantagenet,1,Good,Good,0
57280,Port Hedland (T),57280,Port Hedland,1,Good,Good,0
57350,Quairading (S),57350,Quairading,1,Good,Good,0
57420,Ravensthorpe (S),54900,Lake Grace,0.0098797,Good,Good,1
57420,Ravensthorpe (S),53290,Esperance,0.018348,Good,Good,0
57420,Ravensthorpe (S),57420,Ravensthorpe,0.9682992,Good,Good,0
57420,Ravensthorpe (S),,,0.0034732,Poor,Good,5
57490,Rockingham (C),57490,Rockingham,1,Good,Good,0
57560,Roebourne (S),,,0.000884,Poor,Good,5
57560,Roebourne (S),50250,Ashburton,0.0010383,Good,Good,1
57560,Roebourne (S),54310,Karratha,0.9980777,Good,Good,0
57630,Sandstone (S),57630,Sandstone,1,Good,Good,0
57700,Serpentine-Jarrahdale (S),57490,Rockingham,0.000523,Good,Good,1
57700,Serpentine-Jarrahdale (S),57700,Serpentine-Jarrahdale,0.999477,Good,Good,0
57770,Shark Bay (S),57770,Shark Bay,0.9915114,Good,Good,0
57770,Shark Bay (S),51540,Carnarvon,0.0084886,Good,Good,1
57840,South Perth (C),57840,South Perth,1,Good,Good,0
57910,Stirling (C),58570,Vincent,0.0043176,Good,Good,1
57910,Stirling (C),57910,Stirling,0.9956824,Good,Good,0
57980,Subiaco (C),57980,Subiaco,0.8338194,Acceptable,Good,0
57980,Subiaco (C),57080,Perth,0.1661806,Acceptable,Good,0
58050,Swan (C),58050,Swan,0.9844431,Good,Good,0
58050,Swan (C),56090,Mundaring,0.0003307,Good,Good,1
58050,Swan (C),50490,Belmont,0.0002571,Good,Good,1
58050,Swan (C),50420,Bayswater,0.0149691,Good,Good,0
58120,Tambellup (S),51080,Broomehill-Tambellup,1,Good,Good,0
58190,Tammin (S),58190,Tammin,1,Good,Good,0
58260,Three Springs (S),58260,Three Springs,1,Good,Good,0
58330,Toodyay (S),58330,Toodyay,0.9906951,Good,Good,0
58330,Toodyay (S),58050,Swan,0.0093049,Good,Good,1
58400,Trayning (S),58400,Trayning,1,Good,Good,0
58470,Upper Gascoyne (S),58470,Upper Gascoyne,1,Good,Good,0
58510,Victoria Park (T),58510,Victoria Park,1,Good,Good,0
58540,Victoria Plains (S),58540,Victoria Plains,1,Good,Good,0
58570,Vincent (T),58570,Vincent,1,Good,Good,0
58610,Wagin (S),53010,Dumbleyung,0.0015727,Good,Good,1
58610,Wagin (S),58610,Wagin,0.9984273,Good,Good,0
58680,Wandering (S),57140,Pingelly,0.0135611,Good,Good,0
58680,Wandering (S),58680,Wandering,0.9864389,Good,Good,0
58760,Wanneroo (C),58760,Wanneroo,0.9999999,Good,Good,0
58760,Wanneroo (C),58050,Swan,1.00E-07,Good,Good,1
58820,Waroona (S),58820,Waroona,1,Good,Good,0
58890,West Arthur (S),58890,West Arthur,1,Good,Good,0
59030,Westonia (S),59030,Westonia,0.9882353,Good,Good,0
59030,Westonia (S),59360,Yilgarn,0.0117647,Good,Good,0
59100,Wickepin (S),53010,Dumbleyung,0.0029225,Good,Good,1
59100,Wickepin (S),56460,Narrogin,0.0029225,Good,Good,1
59100,Wickepin (S),52310,Cuballing,0.0045138,Good,Good,1
59100,Wickepin (S),59100,Wickepin,0.9896411,Good,Good,0
59170,Williams (S),59170,Williams,1,Good,Good,0
59250,Wiluna (S),59250,Wiluna,0.9754884,Good,Good,0
59250,Wiluna (S),56620,Ngaanyatjarraku,0.0245116,Good,Good,0
59310,Wongan-Ballidu (S),59310,Wongan-Ballidu,1,Good,Good,0
59380,Woodanilling (S),59320,Woodanilling,1,Good,Good,0
59399,Unincorporatored WA,,,1,Good,Good,0
59450,Wyalkatchem (S),59330,Wyalkatchem,1,Good,Good,0
59499,No usual address (WA),59499,No usual address (WA),1,Good,Good,0
59520,Wyndham-East Kimberley (S),52800,Derby-West Kimberley,0.0005303,Good,Good,1
59520,Wyndham-East Kimberley (S),53920,Halls Creek,0.0015099,Good,Good,1
59520,Wyndham-East Kimberley (S),59340,Wyndham-East Kimberley,0.9911066,Good,Good,0
59520,Wyndham-East Kimberley (S),,,0.0068532,Poor,Good,5
59590,Yalgoo (S),56160,Murchison,0.0102295,Acceptable,Good,0
59590,Yalgoo (S),59350,Yalgoo,0.9897705,Good,Good,0
59660,Yilgarn (S),59360,Yilgarn,1,Good,Good,0
59730,York (S),59370,York,1,Good,Good,0
59799,Migratory - Offshore - Shipping (WA),59799,Migratory - Offshore - Shipping (WA),1,Good,Good,0
60210,Break O'Day (M),60210,Break O'Day,1,Good,Good,0
60410,Brighton (M),60410,Brighton,0.9982473,Good,Good,0
60410,Brighton (M),65010,Southern Midlands,0.0006496,Good,Good,1
60410,Brighton (M),61510,Derwent Valley,0.0006496,Good,Good,1
60410,Brighton (M),61410,Clarence,0.0004534,Good,Good,1
60610,Burnie (C),60610,Burnie,1,Good,Good,0
60810,Central Coast (M),,,0.0055921,Poor,Good,5
60810,Central Coast (M),60810,Central Coast (Tas.),0.9944079,Good,Good,0
61010,Central Highlands (M),64210,Meander Valley,0.0010813,Good,Good,1
61010,Central Highlands (M),61010,Central Highlands (Tas.),0.9986115,Good,Good,0
61010,Central Highlands (M),64610,Northern Midlands,0.0003072,Good,Good,1
61210,Circular Head (M),,,0.0211935,Poor,Good,3
61210,Circular Head (M),61210,Circular Head,0.9788065,Good,Good,0
61410,Clarence (C),,,0.0009228,Poor,Good,5
61410,Clarence (C),61410,Clarence,0.9990772,Good,Good,0
61510,Derwent Valley (M),60410,Brighton,0.0014299,Good,Good,1
61510,Derwent Valley (M),61510,Derwent Valley,0.9985701,Good,Good,0
61610,Devonport (C),,,4.00E-07,Poor,Good,5
61610,Devonport (C),61610,Devonport,0.9965391,Good,Good,0
61610,Devonport (C),63810,Latrobe (Tas.),0.0034605,Good,Good,1
61810,Dorset (M),,,0.000301,Poor,Good,5
61810,Dorset (M),61810,Dorset,0.999699,Good,Good,0
62010,Flinders (M),62010,Flinders (Tas.),1,Good,Good,0
62210,George Town (M),62210,George Town,0.9990458,Good,Good,0
62210,George Town (M),65810,West Tamar,0.0009542,Good,Good,1
62410,Glamorgan/Spring Bay (M),62410,Glamorgan-Spring Bay,0.9948332,Good,Good,0
62410,Glamorgan/Spring Bay (M),,,0.0051668,Poor,Good,5
62610,Glenorchy (C),62610,Glenorchy,1,Good,Good,0
62810,Hobart (C),62810,Hobart,1,Good,Good,0
63010,Huon Valley (M),63010,Huon Valley,1,Good,Good,0
63210,Kentish (M),63210,Kentish,1,Good,Good,0
63410,King Island (M),63410,King Island,0.8528396,Acceptable,Good,0
63410,King Island (M),,,0.1471604,Poor,Good,3
63610,Kingborough (M),,,0.0001924,Poor,Good,5
63610,Kingborough (M),63610,Kingborough,0.9998076,Good,Good,0
63810,Latrobe (M),61610,Devonport,0.0021613,Good,Good,1
63810,Latrobe (M),63810,Latrobe (Tas.),0.9978387,Good,Good,0
64010,Launceston (C),64010,Launceston,1,Good,Good,0
64210,Meander Valley (M),64210,Meander Valley,1,Good,Good,0
64610,Northern Midlands (M),64010,Launceston,0.0004607,Good,Good,1
64610,Northern Midlands (M),64610,Northern Midlands,0.9989502,Good,Good,0
64610,Northern Midlands (M),60210,Break O'Day,0.0005891,Good,Good,1
64810,Sorell (M),61410,Clarence,0.0007744,Good,Good,1
64810,Sorell (M),64810,Sorell,0.9986779,Good,Good,0
64810,Sorell (M),,,0.0005477,Poor,Good,5
65010,Southern Midlands (M),65010,Southern Midlands,1,Good,Good,0
65210,Tasman (M),64810,Sorell,0.0018915,Good,Good,1
65210,Tasman (M),65210,Tasman,0.9981085,Good,Good,0
65410,Waratah/Wynyard (M),65410,Waratah-Wynyard,1,Good,Good,0
65610,West Coast (M),65410,Waratah-Wynyard,0.000274,Good,Good,1
65610,West Coast (M),65610,West Coast,0.999726,Good,Good,0
65810,West Tamar (M),65810,West Tamar,1,Good,Good,0
69399,Unincorporatored Tas,,,1,Good,Good,0
69499,No usual address (Tas.),69499,No usual address (Tas.),1,Good,Good,0
69799,Migratory - Offshore - Shipping (Tas.),69799,Migratory - Offshore - Shipping (Tas.),1,Good,Good,0
70200,Alice Springs (T),70200,Alice Springs,1,Good,Good,0
70300,Alpurrurulam (CGC),70420,Barkly,1,Poor,Good,0
70330,Angurugu (CGC),71300,East Arnhem,1,Poor,Good,0
70360,Anmatjere (CGC),70620,Central Desert,1,Poor,Good,0
70400,Arltarlpilta (CGC),70620,Central Desert,1,Poor,Good,0
70540,Belyuen (CGC),70540,Belyuen,1,Good,Good,0
70570,Binjari (CGC),72200,Katherine,1,Good,Good,0
70600,Borroloola (CGC),73600,Roper Gulf,1,Acceptable,Good,0
70700,Coomalie (CGC),70700,Coomalie,1,Good,Good,0
70770,Cox Peninsula (CGC),74560,Wagait,1,Good,Good,0
70790,Daguragu (CGC),74550,Victoria Daly,1,Poor,Good,0
71000,Darwin (C),79399,Unincorporated NT,0.0001007,Poor,Good,1
71000,Darwin (C),71150,Darwin Waterfront Precinct,0.0030635,Poor,Good,1
71000,Darwin (C),71000,Darwin,0.9968341,Good,Good,0
71000,Darwin (C),,,1.60E-06,Poor,Good,5
71350,Elliott District (CGC),70420,Barkly,1,Poor,Good,0
72000,Jabiru (T),74660,West Arnhem,1,Poor,Good,0
72100,Jilkminggan (CGC),73600,Roper Gulf,1,Acceptable,Good,0
72200,Katherine (T),72200,Katherine,1,Good,Good,0
72240,Kunbarllanjnja (CGC),74660,West Arnhem,1,Poor,Good,0
72270,Lajamanu (CGC),70620,Central Desert,0.9999993,Poor,Good,0
72270,Lajamanu (CGC),74550,Victoria Daly,7.00E-07,Poor,Good,1
72300,Litchfield (S),72300,Litchfield,1,Good,Good,0
72320,Ltyentye Purte (CGC),72330,MacDonnell,1,Poor,Good,0
72340,Marngarr (CGC),71300,East Arnhem,0.9635303,Poor,Good,0
72340,Marngarr (CGC),,,0.0364697,Poor,Good,3
72360,Mataranka (CGC),73600,Roper Gulf,1,Acceptable,Good,0
72380,Nauiyu Nambiyu (CGC),74550,Victoria Daly,1,Poor,Good,0
72500,Numbulwar Numburindi (CGC),73600,Roper Gulf,1,Acceptable,Good,0
72530,Nyirranggulung Mardrulk Ngadberre (CGC),73600,Roper Gulf,1,Acceptable,Good,0
72800,Palmerston (C),72800,Palmerston,1,Good,Good,0
73030,Pine Creek (CGC),74550,Victoria Daly,1,Poor,Good,0
73650,Tapatjatjaka (CGC),72330,MacDonnell,1,Poor,Good,0
73800,Tennant Creek (T),70420,Barkly,1,Poor,Good,0
74020,Thamarrurr (CGC),74680,West Daly,1,Poor,Good,0
74030,Timber Creek (CGC),74550,Victoria Daly,1,Poor,Good,0
74050,Tiwi Islands (CGC),74050,Tiwi Islands,1,Good,Good,0
74600,Walangeri Ngumpinku (CGC),74550,Victoria Daly,1,Poor,Good,0
74650,Wallace Rockhole (CGC),72330,MacDonnell,1,Poor,Good,0
74700,Watiyawanu (CGC),72330,MacDonnell,1,Poor,Good,0
75000,Yuendumu (CGC),70620,Central Desert,1,Poor,Good,0
75050,Yugul Mangi (CGC),73600,Roper Gulf,1,Acceptable,Good,0
79399,Unincorporated NT,74660,West Arnhem,0.1223155,Poor,Good,0
79399,Unincorporated NT,74560,Wagait,0.0001993,Good,Good,1
79399,Unincorporated NT,73600,Roper Gulf,0.0373573,Acceptable,Good,0
79399,Unincorporated NT,72330,MacDonnell,0.1459784,Poor,Good,0
79399,Unincorporated NT,72200,Katherine,0.009188,Good,Good,1
79399,Unincorporated NT,71300,East Arnhem,0.2386952,Poor,Good,0
79399,Unincorporated NT,70620,Central Desert,0.0451354,Poor,Good,0
79399,Unincorporated NT,70420,Barkly,0.0944459,Poor,Good,0
79399,Unincorporated NT,70700,Coomalie,0.0003268,Good,Good,1
79399,Unincorporated NT,79399,Unincorporated NT,0.2350012,Poor,Good,0
79399,Unincorporated NT,,,0.0090523,Poor,Good,5
79399,Unincorporated NT,74680,West Daly,0.0228956,Poor,Good,0
79399,Unincorporated NT,74550,Victoria Daly,0.0394091,Poor,Good,0
79499,No usual address (NT),79499,No usual address (NT),1,Good,Good,0
79799,Migratory - Offshore - Shipping (NT),79799,Migratory - Offshore - Shipping (NT),1,Good,Good,0
89399,Unincorporated ACT,89399,Unincorporated ACT,1,Good,Good,0
89499,No usual address (ACT),89499,No usual address (ACT),1,Good,Good,0
89799,Migratory - Offshore - Shipping (ACT),89799,Migratory - Offshore - Shipping (ACT),1,Good,Good,0
99399,Unincorp. Other Territories,99399,Unincorp. Other Territories,0.1621783,Poor,Good,0
99399,Unincorp. Other Territories,51860,Cocos Islands,0.2423557,Poor,Good,0
99399,Unincorp. Other Territories,51710,Christmas Island,0.5875754,Poor,Good,0
99399,Unincorp. Other Territories,16950,Shoalhaven,0.0010914,Good,Good,1
99399,Unincorp. Other Territories,,,0.0067992,Poor,Good,5
99499,No usual address (OT),99499,No usual address (OT),1,Good,Good,0
99799,Migratory - Offshore - Shipping (OT),99799,Migratory - Offshore - Shipping (OT),1,Good,Good,0
,,ZZZZZ,Outside Australia,,NA,Good,3
